medcodeid,snomedctconceptid,snomedctdescriptionid,originalreadcode,cleansedreadcode,term,smoking_status
"3513490010","100801000119107","3513490010","^ESCT1170577","","Maternal tobacco use in pregnancy","Current smoker"
"1009271000006118","1009271000006102","1009271000006118","ASDFGNO1","","Non Smoker - Nos","Never smoker"
"4120281000006117","105539002","169634017","^ESCTNO412028","","Non-smoker for personal reasons","Never smoker"
"4120291000006119","105540000","169635016","^ESCTNO412029","","Non-smoker for religious reasons","Never smoker"
"4120301000006118","105541001","169636015","^ESCTNO412030","","Non-smoker for medical reasons","Never smoker"
"9317251000006112","10692611000001105","55831701000001112","^ESCTCI931725","","cigarette","Current smoker"
"2670581000006114","10729003","18638011","^ESCTSM267058","","Smoker's respiratory syndrome","Current smoker"
"9326621000006111","10761391000119102","3005919016","^ESCTTO932662","","Tobacco use in mother complicating childbirth","Current smoker"
"9326631000006114","10761391000119102","3005939017","^ESCTTO932663","","Tobacco use in childbirth","Current smoker"
"2717211000000112","1084381000000100","2717211000000112","ESCTSI77","","Signposting to smoking cessation service","Current smoker"
"1175011000000112","1087441000000106","2724181000000114","8IEK","8IEK.00","Smoking cessation programme declined","Current smoker"
"2735181000000113","1092031000000108","2735181000000113","^ESCT1172035","","Ex-smoker amount unknown","Ex-smoker"
"2735201000000112","1092041000000104","2735201000000112","^ESCT1172036","","Ex-very heavy smoker (40+/day)","Ex-smoker"
"2735281000000119","1092071000000105","2735281000000119","^ESCT1172039","","Ex-heavy smoker (20-39/day)","Ex-smoker"
"2735331000000112","1092091000000109","2735331000000112","^ESCT1172042","","Ex-moderate smoker (10-19/day)","Ex-smoker"
"2735381000000111","1092111000000104","2735381000000111","^ESCT1172045","","Ex-light smoker (1-9/day)","Ex-smoker"
"2735421000000119","1092131000000107","2735421000000119","^ESCT1172048","","Ex-trivial smoker (<1/day)","Ex-smoker"
"2737071000000118","1092511000000105","2737071000000118","^ESCT1172096","","Assessment using smoking pack years calculation","Ex-smoker"
"2741221000000116","1094321000000100","2741221000000116","^ESCT1172297","","Referral for brief intervention for smoking cessation","Current smoker"
"9351191000006110","10998291000119107","3039578018","^ESCTHI935119","","History of smoking","Ex-smoker"
"460828018","110483000","175325014","ZV4K0","ZV4K000","Tobacco user","Current smoker"
"4180331000006118","110483000","2923440014","^ESCTTO418033","","Tobacco use","Current smoker"
"4180321000006116","110483000","4180321000006116","^ESCTTO418032","","Tobacco user","Current smoker"
"12626191000006119","1110791000000100","2779491000000117","^ESCT1262619","","VBA (Very Brief Advice) on Smoking","Current smoker"
"12626201000006116","1110791000000100","2779501000000111","^ESCT1262620","","Very Brief Advice on Smoking","Current smoker"
"12626391000006117","1110971000000101","2779921000000110","^ESCT1262639","","QOF (Quality and Outcomes Framework) smoking quality indicator-related care invitation","Current smoker"
"12490251000006112","1221000119103","2966944018","^ESCT1249025","","History of tobacco use","Ex-smoker"
"7967851000006114","1221000175102","3027295012","^ESCTAG796785","","Age at smoking cessation","Ex-smoker"
"216212011","134406006","216212011","137V","137V.00","Smoking reduced","Current smoker"
"137711000006111","137711000006107","137711000006111","EMISSMRE1","","Smoker (Read codes)","Current smoker"
"137761000006114","137761000006105","137761000006114","EGTONSM4","","Smoking Age Ceased","Ex-smoker"
"7968461000006114","1421000175103","3027267012","^ESCTRE796846","","Readiness to stop tobacco use","Current smoker"
"12734401000006119","143461000000103","1628391000000113","^ESCT1273440","","QOF (Quality and Outcomes Framework) smoking quality indicator-related care invitation using preferred method of communication","Current smoker"
"1591651000006110","1591651000006106","1591651000006110","EMISNQSM5","","Smoking cessation referral declined","Current smoker"
"743331000006116","160603005","250358015","1373","1373.00","Light cigarette smoker (1-9 cigs/day)","Current smoker"
"700121000006118","160604004","250359011","1374","1374.00","Moderate cigarette smoker (10-19 cigs/day)","Current smoker"
"819331000006110","160605003","250360018","1375","1375.00","Heavy cigarette smoker (20-39 cigs/day)","Current smoker"
"67621000006112","160606002","250362014","1376","1376.00","Very heavy cigarette smoker (40+ cigs/day)","Current smoker"
"250368013","160612007","250368013","137C","137C.00","Keeps trying to stop smoking","Current smoker"
"12482301000006115","160613002","250369017","^ESCT1248230","","Admitted tobacco cons untrue ?","Current smoker"
"250369017","160613002","2791864017","137D","137D.00","Admitted tobacco consumption possibly untrue","Current smoker"
"4533531000006119","160613002","4533531000006119","^ESCTAD453353","","Admitted tobacco consumption possibly untrue","Current smoker"
"250372012","160616005","250372012","137G","137G.00","Trying to give up smoking","Current smoker"
"250373019","160617001","250373019","137K","137K.00","Stopped smoking","Ex-smoker"
"250374013","160618006","250374013","137L","137L.00","Current non-smoker","Ex-smoker"
"903051000006112","160618006","903051000006112","137L-99","137L.99","Tobacco Consumption Nil","Ex-smoker"
"250375014","160619003","250375014","137M","137M.00","Rolls own cigarettes","Current smoker"
"649831000006117","160620009","250376010","137N","137N.00","Ex-pipe smoker","Ex-smoker"
"649821000006115","160621008","250377018","137O","137O.00","Ex-cigar smoker","Ex-smoker"
"250385010","160625004","250385010","137T","137T.00","Date ceased smoking","Ex-smoker"
"9881001000006114","16077091000119107","3475785019","^ESCTTO988100","","Tobacco dependence caused by cigarettes","Current smoker"
"1626121000006116","1626121000006100","1626121000006116","EMISNQSM6","","Smoking cessation drug therapy - varenicline","Ex-smoker"
"1662541000006111","1662541000006107","1662541000006111","EMISD_DE197","","Dental recall - tobacco user","Current smoker"
"4640171000006113","171055003","2575653016","^ESCTPR464017","","Pregnancy smoking education","Current smoker"
"4640191000006114","171055003","2579133014","^ESCTSM464019","","Smoking in pregnancy education","Current smoker"
"265092010","171055003","265092010","67A3","67A3.00","Pregnancy smoking advice","Current smoker"
"1777011000006118","1777011000006102","1777011000006118","EMISNQRE259","","Reason for referral: Smoking Cessation","Current smoker"
"1778181000006110","1778181000006106","1778181000006110","EMISNQGR20","","Group session: Stop smoking education programme","Current smoker"
"1819411000006114","1819411000006105","1819411000006114","EMISNQSM14","","Smoking increased","Current smoker"
"4765711000006110","191887008","2951660019","^ESCTTO476571","","Tobacco use, continuous","Current smoker"
"4765721000006119","191887008","2951818015","^ESCTCO476572","","Continuous tobacco use","Current smoker"
"295257016","191887008","295257016","E2511","E251100","Tobacco dependence, continuous","Current smoker"
"295258014","191888003","295258014","E2512","E251200","Tobacco dependence, episodic","Current smoker"
"4765751000006111","191889006","2951706017","^ESCTTO476575","","Tobacco dependence, in remission","Ex-smoker"
"295259018","191889006","295259018","E2513","E251300","Tobacco dependence in remission","Ex-smoker"
"8056731000006119","196771000000101","295421000000116","^ESCTSM805673","","Smoking assessment","Current smoker"
"1973821000006117","1973821000006101","1973821000006117","EMISICD10|F1700","","Mental & behav dis due to use tobacco: acute intoxication, uncomplicated","Current smoker"
"1973841000006112","1973841000006108","1973841000006112","EMISICD10|F1701","","Mental & behav dis due to use tobacco: acute intoxication, with trauma or other bodily injury","Current smoker"
"1973851000006114","1973851000006105","1973851000006114","EMISICD10|F1702","","Mental & behav dis due to use tobacco: acute intoxication, with other medical complications","Current smoker"
"1973921000006114","1973921000006105","1973921000006114","EMISICD10|F1703","","Mental & behav dis due to use tobacco: acute intoxication, with delirium","Current smoker"
"1973951000006117","1973951000006101","1973951000006117","EMISICD10|F1704","","Mental & behav dis due to use tobacco: acute intoxication, with perceptual distortions","Current smoker"
"1973981000006113","1973981000006109","1973981000006113","EMISICD10|F1705","","Mental & behav dis due to use tobacco: acute intoxication, with coma","Current smoker"
"1974031000006110","1974031000006106","1974031000006110","EMISICD10|F1706","","Mental & behav dis due to use tobacco: acute intoxication, with convulsions","Current smoker"
"1974281000006116","1974281000006100","1974281000006116","EMISICD10|F1720","","Mental and behav dis due to use tobacco: dependence syndr, currently abstinent","Ex-smoker"
"1974311000006119","1974311000006103","1974311000006119","EMISICD10|F1721","","Mental and behav dis due to use tobacco: dependence syndr, currently abstinent, but in a protected environment","Ex-smoker"
"1974341000006115","1974341000006104","1974341000006115","EMISICD10|F1722","","Mental and behav dis due to use tobacco: dependence syndr, currently on a clinically supervised maintenance or replacement regime [controlled dependence]","Current smoker"
"1974371000006111","1974371000006107","1974371000006111","EMISICD10|F1723","","Mental and behav dis due to use tobacco: dependence syndr, currently abstinent, but receiving treatment with aversive or blocking drugs","Ex-smoker"
"1974401000006114","1974401000006105","1974401000006114","EMISICD10|F1724","","Mental and behav dis due to use tobacco: dependence syndr, currently using the substance [active dependence]","Current smoker"
"1974421000006116","1974421000006100","1974421000006116","EMISICD10|F1725","","Mental and behav dis due to use tobacco: dependence syndr, continuous use","Current smoker"
"1974461000006110","1974461000006106","1974461000006110","EMISICD10|F1726","","Mental and behav dis due to use tobacco: dependence syndr, episodic use [dipsomania]","Current smoker"
"1974501000006110","1974501000006106","1974501000006110","EMISICD10|F1730","","Mental and behav dis due to use tobacco: withdrawal state, uncomplicated","Ex-smoker"
"1974531000006119","1974531000006103","1974531000006119","EMISICD10|F1731","","Mental and behav dis due to use tobacco: withdrawal state, with convulsions","Ex-smoker"
"1974571000006116","1974571000006100","1974571000006116","EMISICD10|F1740","","Mental & behav dis due to tobacco: withdrawl state wth delirium, without convulsions","Ex-smoker"
"1974581000006118","1974581000006102","1974581000006118","EMISICD10|F1741","","Mental & behav dis due to tobacco: withdrawl state wth delirium, with convulsions","Current smoker"
"1974651000006110","1974651000006106","1974651000006110","EMISICD10|F1750","","Mental & behav dis due to use tobacco: psychotic disorder, schizophrenia-like","Current smoker"
"1974681000006119","1974681000006103","1974681000006119","EMISICD10|F1751","","Mental & behav dis due to use tobacco: psychotic disorder, predominantly delusional","Current smoker"
"1974711000006118","1974711000006102","1974711000006118","EMISICD10|F1752","","Mental & behav dis due to use tobacco: psychotic disorder, predominantly hallucinatory","Current smoker"
"1974741000006119","1974741000006103","1974741000006119","EMISICD10|F1753","","Mental & behav dis due to use tobacco: psychotic disorder, predominantly polymorphic","Current smoker"
"1974761000006115","1974761000006104","1974761000006115","EMISICD10|F1754","","Mental & behav dis due to use tobacco: psychotic disorder, predominantly depressive symptoms","Current smoker"
"1974791000006111","1974791000006107","1974791000006111","EMISICD10|F1755","","Mental & behav dis due to use tobacco: psychotic disorder, predominantly manic symptoms","Current smoker"
"1974811000006110","1974811000006106","1974811000006110","EMISICD10|F1756","","Mental & behav dis due to use tobacco: psychotic disorder, mixed","Current smoker"
"1974841000006114","1974841000006105","1974841000006114","EMISICD10|F1770","","Mental & behav dis due to tobacco: resid & late-onset psychot dis, flashbacks","Current smoker"
"1974871000006118","1974871000006102","1974871000006118","EMISICD10|F1771","","Mental & behav dis due to tobacco: resid & late-onset psychot dis, personality or behaviour disorder","Current smoker"
"1974911000006115","1974911000006104","1974911000006115","EMISICD10|F1772","","Mental & behav dis due to tobacco: resid & late-onset psychot dis, residual affective disorder","Current smoker"
"1974931000006114","1974931000006105","1974931000006114","EMISICD10|F1773","","Mental & behav dis due to tobacco: resid & late-onset psychot dis, dementia","Current smoker"
"1974961000006117","1974961000006101","1974961000006117","EMISICD10|F1774","","Mental & behav dis due to tobacco: resid & late-onset psychot dis, other persisting cognitive impairment","Current smoker"
"1974981000006110","1974981000006106","1974981000006110","EMISICD10|F1775","","Mental & behav dis due to tobacco: resid & late-onset psychot dis, late-onset psychotic disorder","Current smoker"
"303501000000115","200221000000105","303501000000115","8CAg","8CAg.00","Smoking cessation advice provided by community pharmacist","Current smoker"
"8061901000006111","201931000000109","307601000000110","^ESCTAT806190","","Attends practice smoking cessation clinic","Ex-smoker"
"1771191000006119","201941000000100","307621000000118","EMISNQAT12","","Attends smoking cessation clinic not at practice","Ex-smoker"
"8063181000006116","203191000000107","310341000000119","^ESCTWA806318","","Wants to stop smoking","Current smoker"
"4835511000006110","206154006","2965716016","^ESCTFO483551","","Foetal or neonatal effect of maternal use of tobacco","Current smoker"
"4835491000006116","206154006","2965837017","^ESCTFE483549","","Fetal or neonatal effect of maternal use of tobacco","Current smoker"
"316079016","206154006","316079016","Q040","Q040.00","Fetus and newborn affected by maternal use of tobacco","Current smoker"
"324597019","212899006","324597019","SMC","SMC..00","Toxic effect of tobacco and nicotine","Current smoker"
"7965041000006111","221000119102","2916218010","^ESCTNE796504","","Never smoked any substance","Never smoker"
"818061000006111","225323000","2575784012","6791","6791.00","Smoking cessation education","Current smoker"
"4939241000006115","225323000","2693470012","^ESCTAD493924","","Advice on effects of smoking on health","Current smoker"
"4939251000006118","225323000","2695629019","^ESCTAD493925","","Advice on smoking","Current smoker"
"338608011","225323000","338608011","8CAL","8CAL.00","Smoking cessation advice","Current smoker"
"4939261000006116","225324006","2575785013","^ESCTSM493926","","Smoking effects education","Current smoker"
"936011000006114","225324006","338609015","67H1","67H1.00","Advice on effects of smoking on health","Current smoker"
"4948531000006116","225934006","339459013","^ESCTSM494853","","Smokes in bed","Current smoker"
"4948541000006114","225935007","339460015","^ESCTHI494854","","Hides lit cigarettes in pockets","Current smoker"
"4948551000006111","225936008","339461016","^ESCTDR494855","","Drops unextinguished cigarettes","Current smoker"
"4980561000006117","228486009","342573017","^ESCTTI498056","","Time since stopped smoking","Ex-smoker"
"344793011","230056004","344793011","137X","137X.00","Cigarette consumption","Current smoker"
"344794017","230057008","344794017","137Y","137Y.00","Cigar consumption","Current smoker"
"344795016","230058003","344795016","137a","137a.00","Pipe tobacco consumption","Current smoker"
"5003141000006118","230059006","344796015","^ESCTTR500314","","Trivial cigarette smoker","Current smoker"
"11904991000006116","230059006","344797012","^ESCT1190499","","Occasional cigarette smoker","Current smoker"
"5003151000006116","230060001","344798019","^ESCTLI500315","","Light cigarette smoker","Current smoker"
"5003161000006119","230062009","344801013","^ESCTMO500316","","Moderate cigarette smoker","Current smoker"
"5003171000006114","230063004","344802018","^ESCTHE500317","","Heavy cigarette smoker","Current smoker"
"5003181000006112","230064005","344803011","^ESCTVE500318","","Very heavy cigarette smoker","Current smoker"
"5003191000006110","230065006","344804017","^ESCTCH500319","","Chain smoker","Current smoker"
"5074201000006119","235033006","352240019","^ESCTSM507420","","Smokers keratosis","Current smoker"
"5244051000006117","247439004","369489014","^ESCTNI524405","","Nicotine staining of finger","Current smoker"
"5244061000006115","247439004","369490017","^ESCTNI524406","","Nicotine stained fingers","Current smoker"
"5244071000006110","247439004","369491018","^ESCTTO524407","","Tobacco stained fingers","Current smoker"
"8012751000006116","25261000000107","2155321000000119","^ESCTDI801275","","Did not attend smoking cessation clinic","Current smoker"
"62881000000117","25261000000107","62881000000117","9N4M","9N4M.00","DNA - Did not attend smoking cessation clinic","Current smoker"
"2927031000006116","26663004","44643018","^ESCTCI292703","","Cigar smoking tobacco","Current smoker"
"5495901000006112","266918002","1225107019","^ESCTAM549590","","Amount and type of tobacco smoked","Current smoker"
"137721000006115","266918002","397730015","137-1","137..11","Smoker - amount smoked","Current smoker"
"102921000006112","266918002","397730015","137","137..00","Tobacco smoking consumption","Current smoker"
"250387019","266918002","397730015","137Z","137Z.00","Tobacco consumption NOS","Current smoker"
"5495921000006119","266919005","397731016","^ESCTNE549592","","Never smoked","Never smoker"
"397732011","266919005","397732011","1371","1371.00","Never smoked tobacco","Never smoker"
"5495941000006114","266920004","397733018","^ESCTOC549594","","Occasional smoker","Current smoker"
"5495951000006111","266920004","397734012","^ESCTOC549595","","Occasional cigarette smoker (less than one cigarette/day)","Current smoker"
"88471000006112","266920004","397735013","1372","1372.00","Trivial cigarette smoker (less than one cigarette/day)","Current smoker"
"250363016","266921000","397736014","1377","1377.00","Ex-trivial cigarette smoker (<1/day)","Ex-smoker"
"250364010","266922007","397737017","1378","1378.00","Ex-light cigarette smoker (1-9/day)","Ex-smoker"
"250365011","266923002","397738010","1379","1379.00","Ex-moderate cigarette smoker (10-19/day)","Ex-smoker"
"250366012","266924008","397739019","137A","137A.00","Ex-heavy cigarette smoker (20-39/day)","Ex-smoker"
"250367015","266925009","397740017","137B","137B.00","Ex-very heavy cigarette smoker (40+/day)","Ex-smoker"
"5496021000006114","266927001","397743015","^ESCTTO549602","","Tobacco smoking consumption unknown","Current smoker"
"5496031000006112","266928006","397744014","^ESCTEX549603","","Ex-cigarette smoker amount unknown","Ex-smoker"
"903041000006110","266928006","903041000006110","137F-99","137F.99","EX-Smoker NOS","Ex-smoker"
"2669652019","266929003","2669652019","137Q","137Q.00","Smoking started","Current smoker"
"5553311000006110","273632007","409166015","^ESCTMF555331","","MFS - Motives for smoking scale","Current smoker"
"5553301000006112","273632007","409167012","^ESCTMO555330","","Motives for smoking scale","Current smoker"
"5553641000006116","273657002","409204012","^ESCTOC555364","","Occasions for smoking scale","Current smoker"
"5553651000006119","273657002","409205013","^ESCTOF555365","","OFS - Occasions for smoking scale","Current smoker"
"5555231000006111","273738001","409335016","^ESCTRE555523","","Reasons for smoking scale","Current smoker"
"5555241000006118","273738001","409336015","^ESCTRF555524","","RFS - Reasons for smoking scale","Current smoker"
"418914010","281018007","418914010","137j","137j.00","Ex-cigarette smoker","Ex-smoker"
"2988081000006110","30310000","2951831013","^ESCTNI298808","","Nicotine induced mental disorder","Current smoker"
"295951010","30310000","50736017","Eu17","Eu17.00","Nicotine-induced organic mental disorder","Current smoker"
"397461000006119","30310000","50736017","Eu17z","Eu17z00","[X]Mental and behavioural disorders due to use of tobacco: unspecified mental and behavioural disorder","Current smoker"
"397981000006119","30310000","50736017","Eu172","Eu17200","[X]Mental and behav dis due to use tobacco: dependence syndr","Current smoker"
"397971000006117","30310000","50736017","Eu176","Eu17600","[X]Mental and behav dis due to use tobacco: amnesic syndrome","Current smoker"
"397681000006110","30310000","50736017","Eu175","Eu17500","[X]Mental and behavioural disorders due to use of tobacco: psychotic disorder","Current smoker"
"397181000006117","30310000","50736017","Eu177","Eu17700","[X]Mental and behavioural disorders due to use of tobacco: residual and late-onset psychotic disorder","Current smoker"
"397671000006112","30310000","50736017","Eu170","Eu17000","[X]Mental and behavioural disorders due to use of tobacco: acute intoxication","Current smoker"
"397271000006110","30310000","50736017","Eu17y","Eu17y00","[X]Mental and behavioural disorders due to use of tobacco: other mental and behavioural disorders","Current smoker"
"2988071000006112","30310000","50739012","^ESCTNI298807","","Nicotine-related disorder","Current smoker"
"2990991000006111","30483005","51012015","^ESCTTO299099","","Tobacco amblyopia","Current smoker"
"2670126018","308438006","2670126018","137e","137e.00","Smoking restarted","Current smoker"
"137791000006118","308438006","2670126018","137Q-1","137Q.11","Smoking restarted","Current smoker"
"6011421000006115","311976005","455622018","^ESCTTO601142","","Tobacco and nicotine","Current smoker"
"6047151000006118","314538009","458913015","^ESCTTO604715","","Tobacco related optic neuropathy","Current smoker"
"459722017","315232003","459722017","8HTK","8HTK.00","Referral to stop-smoking clinic","Current smoker"
"6217151000006116","360890004","476933013","^ESCTIN621715","","Intolerant ex-smoker","Ex-smoker"
"6217281000006116","360900008","476947012","^ESCTAG621728","","Aggressive ex-smoker","Ex-smoker"
"6217461000006110","360918006","476968013","^ESCTAG621746","","Aggressive non-smoker","Never smoker"
"6217561000006111","360929005","476979015","^ESCTIN621756","","Intolerant non-smoker","Never smoker"
"6282381000006110","365982000","2770620010","^ESCTFI628238","","Finding of tobacco smoking consumption","Current smoker"
"6282371000006112","365982000","489484014","^ESCTTO628237","","Tobacco smoking consumption - finding","Current smoker"
"37311000006117","37311000006101","37311000006117","EMISHGT222","","Other anti-smoking drug given","Ex-smoker"
"1704561000006112","375851000000108","739301000000115","9kf1","9kf1.00","Referred for chronic obstructive pulmonary disease structured smoking assessment","Current smoker"
"1704551000006110","375851000000108","739301000000115","9kf1-1","9kf1.11","Referred for COPD structured smoking assessment","Current smoker"
"1704581000006119","375911000000102","739421000000116","9kf2-1","9kf2.11","COPD structured smoking assessment declined","Current smoker"
"1704571000006117","375911000000102","739421000000116","9kf2","9kf2.00","Chronic obstructive pulmonary disease structured smoking assessment declined","Current smoker"
"6427931000006116","384742004","1479064018","^ESCTSM642793","","Smoking cessation assistance","Ex-smoker"
"11793611000006110","384742004","3513200015","^ESCT1179361","","Smoking cessation behaviour support","Ex-smoker"
"1484933010","390901002","1484933010","13p0","13p0.00","Negotiated date for cessation of smoking","Current smoker"
"1488576014","394871007","1488576014","137c","137c.00","Thinking about stopping smoking","Current smoker"
"1488577017","394872000","1488577017","137b","137b.00","Ready to stop smoking","Current smoker"
"1488578010","394873005","1488578010","137d","137d.00","Not interested in stopping smoking","Current smoker"
"1488873010","395177003","1488873010","13p4","13p4.00","Smoking free weeks","Ex-smoker"
"1489355012","395700008","1489355012","8H7i","8H7i.00","Referral to smoking cessation advisor","Current smoker"
"11776621000006116","396621000000103","879331000000110","^ESCT1177662","","[X]Mental and behavioral disorders due to use of tobacco: other mental and behavioral disorders","Current smoker"
"11918401000006113","396621000000103","879341000000118","^ESCT1191840","","[X]Mental and behavioural disorders due to use of tobacco: other mental and behavioural disorders","Current smoker"
"3142931000006113","39953003","1229586013","^ESCTTO314293","","Tobacco - substance","Current smoker"
"3142921000006110","39953003","66552013","^ESCTTO314292","","Tobacco","Current smoker"
"1780273014","401068004","1780273014","9N2k","9N2k.00","Seen by smoking cessation advisor","Current smoker"
"1780360012","401159003","1780360012","137f","137f.00","Reason for restarting smoking","Current smoker"
"1773560017","401160008","1773560017","13p5","13p5.00","Smoking cessation programme start date","Current smoker"
"6649431000006116","401160008","1774846018","^ESCTSM664943","","Smoking cessation program start date","Current smoker"
"6709501000006114","405140009","2156975019","^ESCTRI670950","","Risk control behavior: tobacco use","Current smoker"
"6709511000006112","405140009","2162963011","^ESCTRI670951","","Risk control: tobacco use","Current smoker"
"6718071000006115","405746006","2157522017","^ESCTCU671807","","Current non smoker but past smoking history unknown","Ex-smoker"
"11918391000006111","408701000000107","879321000000113","^ESCT1191839","","[X]Mental and behavioural disorders due to use of tobacco: residual and late-onset psychotic disorder","Current smoker"
"11779331000006116","408701000000107","945951000000112","^ESCT1177933","","[X]Mental and behavioral disorders due to use of tobacco: residual and late-onset psychotic disorder","Current smoker"
"6769661000006112","408937009","2470775018","^ESCTTO676966","","Tobacco abuse prevention","Current smoker"
"6769671000006117","408937009","2477258010","^ESCTTO676967","","Tobacco abuse control","Current smoker"
"6769681000006119","408938004","2470776017","^ESCTTO676968","","Tobacco abuse prevention assessment","Current smoker"
"6769691000006116","408938004","2477259019","^ESCTAS676969","","Assess tobacco abuse prevention","Current smoker"
"6769701000006116","408939007","2470777014","^ESCTTO676970","","Tobacco abuse prevention education","Current smoker"
"6769711000006118","408939007","2477261011","^ESCTTE676971","","Teach tobacco abuse control","Current smoker"
"6769721000006114","408939007","2477262016","^ESCTTE676972","","Teach tobacco abuse prevention","Current smoker"
"6769731000006112","408940009","2470778016","^ESCTTO676973","","Tobacco abuse prevention management","Current smoker"
"6769741000006119","408940009","2477263014","^ESCTMA676974","","Manage tobacco abuse control","Current smoker"
"6769751000006117","408940009","2477264015","^ESCTMA676975","","Manage tobacco abuse prevention","Current smoker"
"11918501000006114","411461000000105","894841000000116","^ESCT1191850","","[X]Mental and behavioural disorders due to use of tobacco: withdrawal state","Ex-smoker"
"11779351000006111","411461000000105","956021000000112","^ESCT1177935","","[X]Mental and behavioral disorders due to use of tobacco: withdrawal state","Ex-smoker"
"2474719011","413173009","2474719011","137h","137h.00","Minutes from waking to first tobacco consumption","Current smoker"
"11918471000006119","413901000000104","894861000000115","^ESCT1191847","","[X]Mental and behavioural disorders due to use of tobacco: psychotic disorder","Current smoker"
"11779341000006114","413901000000104","934981000000118","^ESCT1177934","","[X]Mental and behavioral disorders due to use of tobacco: psychotic disorder","Current smoker"
"397733018","428041000124106","2717161000000119","1372-1","1372.11","Occasional smoker","Current smoker"
"8153371000006117","428041000124106","3308893017","^ESCTOC815337","","Occasional tobacco smoker","Current smoker"
"8153381000006119","428041000124106","8153381000006119","^ESCTOC815338","","Occasional smoker","Current smoker"
"7230811000006115","440012000","2793224018","^ESCTSM723081","","Smoking cessation behavior","Ex-smoker"
"7230801000006118","440012000","2793849010","^ESCTSM723080","","Smoking cessation behaviour","Ex-smoker"
"1592611000000110","446172000","2882460017","137m","137m.00","Failed attempt to stop smoking","Current smoker"
"7368661000006117","449345000","1780291000000117","^ESCTSM736866","","Smoker before confirmation of pregnancy","Ex-smoker"
"7368651000006119","449345000","2901755018","^ESCTSM736865","","Smoked before confirmation of pregnancy","Ex-smoker"
"7368961000006112","449368009","2901763017","^ESCTST736896","","Stopped smoking during pregnancy","Ex-smoker"
"7368971000006117","449369001","2901764011","^ESCTST736897","","Stopped smoking before pregnancy","Ex-smoker"
"7375991000006118","449868002","2912728015","^ESCTSM737599","","Smokes tobacco daily","Current smoker"
"7979581000006117","4531000175104","3305801012","^ESCTTO797958","","Tobacco cessation education not done","Current smoker"
"3235681000006111","45571007","75982015","^ESCTNI323568","","Nicotiana tabacum poisoning","Current smoker"
"3235691000006114","45571007","75983013","^ESCTCI323569","","Cigarette poisoning","Current smoker"
"3235701000006114","45571007","75984019","^ESCTTO323570","","Tobacco poisoning","Current smoker"
"11918421000006115","466861000000102","879351000000115","^ESCT1191842","","[X]Mental and behavioural disorders due to use of tobacco: unspecified mental and behavioural disorder","Current smoker"
"11777241000006111","466861000000102","956061000000116","^ESCT1177724","","[X]Mental and behavioral disorders due to use of tobacco: unspecified mental and behavioral disorder","Current smoker"
"12473171000006110","466951000000105","894811000000117","^ESCT1247317","","[X]Mental and behavioural disorders due to use of tobacco: acute intoxication","Current smoker"
"3256651000006113","46802002","494650019","^ESCTCI325665","","Cigarette cough","Current smoker"
"78013015","46802002","78013015","H3101","H310100","Smokers' cough","Current smoker"
"11777231000006118","468551000000102","894851000000118","^ESCT1177723","","[X]Mental and behavioral disorders due to use of tobacco: withdrawal state with delirium","Ex-smoker"
"11918411000006111","468551000000102","937201000000114","^ESCT1191841","","[X]Mental and behavioural disorders due to use of tobacco: withdrawal state with delirium","Ex-smoker"
"11918491000006118","470041000000100","894821000000111","^ESCT1191849","","[X]Mental and behavioural disorders due to use of tobacco: harmful use","Current smoker"
"11777261000006110","470041000000100","943331000000115","^ESCT1177726","","[X]Mental and behavioral disorders due to use of tobacco: harmful use","Current smoker"
"8017571000006117","48031000119106","3047429015","^ESCTEX801757","","Ex-smoker for more than 1 year","Ex-smoker"
"1059701000000119","492191000000103","1059701000000119","137l","137l.00","Ex roll-up cigarette smoker","Ex-smoker"
"1715591000006117","505281000000106","1122921000000113","8HkQ","8HkQ.00","Referral to National Health Service stop smoking service","Current smoker"
"8190531000006112","505281000000106","1133211000000119","^ESCTRE819053","","Referral to NHS (National Health Service) stop smoking service","Current smoker"
"1714541000006110","505651000000103","1152111000000118","9ko","9ko..00","Current smoker annual review - enhanced services admin","Current smoker"
"1152111000000118","505651000000103","1152111000000118","9ko-1","9ko..11","Current smoker annual review","Current smoker"
"1123751000000113","505681000000109","1154431000000112","9kn","9kn..00","Non-smoker annual review - enhanced services administration","Never smoker"
"1154431000000112","505681000000109","1154431000000112","9kn-1","9kn..11","Non-smoker annual review","Never smoker"
"1154471000000114","505761000000105","1154471000000114","9km-1","9km..11","Ex-smoker annual review","Ex-smoker"
"1123951000000110","505761000000105","1154471000000114","9km","9km..00","Ex-smoker annual review - enhanced services administration","Ex-smoker"
"1125741000000111","506491000000102","1125741000000111","67H6","67H6.00","Brief intervention for smoking cessation","Current smoker"
"1151791000000117","517211000000106","1151791000000117","137K0","137K000","Recently stopped smoking","Ex-smoker"
"8196151000006112","521721000000109","1165101000000117","^ESCTSM819615","","Smoking cessation leaflet given","Current smoker"
"11930181000006115","526411000000103","1175011000000112","^ESCT1193018","","Smoking cessation programme declined","Current smoker"
"1176421000000118","527151000000107","1176421000000118","8IAj","8IAj.00","Smoking cessation advice declined","Current smoker"
"3374141000006117","53896009","89595016","^ESCTTO337414","","Tolerant ex-smoker","Ex-smoker"
"3419101000006116","56578002","94089011","^ESCTMO341910","","Moderate smoker (20 or less per day)","Current smoker"
"7983221000006111","5661000124106","3043143017","^ESCTSM798322","","Smoker's melanosis","Current smoker"
"3422221000006116","56771006","94417014","^ESCTHE342222","","Heavy smoker (over 20 per day)","Current smoker"
"3430551000006114","57264008","95241018","^ESCTNI343055","","Nicotiana tabacum","Current smoker"
"3430561000006111","57264008","95242013","^ESCTTO343056","","Tobacco plant","Current smoker"
"3430571000006116","57264008","95243015","^ESCTTO343057","","Tobacco","Current smoker"
"3430581000006118","57264008","95244014","^ESCTCO343058","","Commercial tobacco plant","Current smoker"
"99639019","59978006","99639019","137J","137J.00","Cigar smoker","Current smoker"
"604961000006114","604961000006105","604961000006114","EGTON1025","","Current Smoker NOS","Current smoker"
"649851000006112","649851000006108","649851000006112","EGTON1027","","Ex- Rolled Tobacco Smoker","Ex-smoker"
"649861000006114","649861000006105","649861000006114","EGTON322","","Ex-Cigarette Smoker","Ex-smoker"
"108938018","65568007","108938018","137P","137P.00","Cigarette smoker","Current smoker"
"3582451000006114","66562002","110585013","^ESCTCI358245","","Cigarette smoking tobacco","Current smoker"
"7502421000006113","697956009","2968169011","^ESCTSU750242","","Suspected tobacco abuse","Current smoker"
"7504551000006112","698101006","2971159010","^ESCTSM750455","","Smoking device","Current smoker"
"2982426011","699033005","2982426011","ESCTPR3","","Provision of smoking cessation leaflet","Current smoker"
"7559591000006110","702388001","2995195017","^ESCTTO755959","","Tobacco use cessation education","Current smoker"
"7568991000006119","702975009","3006640011","^ESCTEX756899","","Ex-tobacco user","Ex-smoker"
"7569061000006118","702979003","3006734013","^ESCTNE756906","","Never used tobacco","Never smoker"
"7650811000006116","709507008","3039829017","^ESCTAS765081","","Assessment of readiness for smoking cessation","Current smoker"
"492511000000117","710081004","3043296015","745H","745H.00","Smoking cessation therapy","Ex-smoker"
"489931000000114","710081004","3043296015","745Hz","745Hz00","Smoking cessation therapy NOS","Ex-smoker"
"482871000000111","710081004","3043296015","745Hy","745Hy00","Other specified smoking cessation therapy","Ex-smoker"
"461114016","711028002","3047058010","ZV6D8","ZV6D800","Counselling about tobacco use","Current smoker"
"7682161000006118","711028002","3047218017","^ESCTCO768216","","Counseling about tobacco use","Current smoker"
"7682721000006113","711081005","3077991014","^ESCTNE768272","","Negotiation of date for cessation of smoking","Current smoker"
"7696001000006118","712829007","3285644014","^ESCTPA769600","","Patient request for smoking cessation information","Current smoker"
"1563081000000115","712971000000108","1563081000000115","13p50","13p5000","Practice based smoking cessation programme start date","Current smoker"
"482771000000118","713700008","3297364011","745H4","745H400","Smoking cessation drug therapy","Ex-smoker"
"8221521000006111","720401000000103","1574781000000112","^ESCTSM822152","","Smoking cessation","Current smoker"
"7832501000006113","722496004","3332494012","^ESCTCI783250","","Cigarette","Current smoker"
"7832511000006111","722497008","3332496014","^ESCTCI783251","","Cigar","Current smoker"
"397911000006114","724697004","3445165019","Eu171","Eu17100","[X]Mental and behavioural disorders due to use of tobacco: harmful use","Current smoker"
"7859781000006116","724697004","3445165019","^ESCTHA785978","","Harmful pattern of use of nicotine","Current smoker"
"7859791000006118","724697004","3445166018","^ESCTAB785979","","Abuse of nicotine","Current smoker"
"3513199018","735128000","3513199018","^ESCT1165113","","Ex-smoker for less than 1 year","Ex-smoker"
"8238291000006118","765511000000103","1705031000000115","^ESCTTO823829","","Tobacco use cessation case management","Current smoker"
"1709641000000115","767641000000109","1709641000000115","9NS02","9NS0200","Referral for smoking cessation service offered","Current smoker"
"128130017","77176002","128130017","137P-1","137P.11","Smoker","Current smoker"
"503483019","77176002","503483019","137R","137R.00","Current smoker","Current smoker"
"1750931000000118","783011000000105","1750931000000118","8CdB","8CdB.00","Stop smoking service opportunity signposted","Current smoker"
"1751721000000113","783381000000101","1751721000000113","9OOB","9OOB.00","Stop smoking invitation short message service text message","Current smoker"
"8244731000006115","783381000000101","1751841000000113","^ESCTST824473","","Stop smoking invitation text message","Current smoker"
"1785671000006116","783401000000101","1751761000000117","9OOB0","9OOB000","Stop smoking invitation first short message service text message","Current smoker"
"8244751000006110","783401000000101","1751831000000116","^ESCTST824475","","Stop smoking invitation first text message","Current smoker"
"1785681000006118","783441000000103","1751861000000114","9OOB1","9OOB100","Stop smoking invitation second short message service text message","Current smoker"
"8244771000006117","783441000000103","1751891000000115","^ESCTST824477","","Stop smoking invitation second text message","Current smoker"
"1785691000006115","783481000000106","1751951000000118","9OOB2","9OOB200","Stop smoking invitation third short message service text message","Current smoker"
"8244791000006116","783481000000106","1751981000000112","^ESCTST824479","","Stop smoking invitation third text message","Current smoker"
"2141561000000115","822591000000108","2141561000000115","8IEM","8IEM.00","Smoking cessation drug therapy declined","Current smoker"
"136515019","82302008","136515019","137H","137H.00","Pipe smoker","Current smoker"
"8279661000006118","838131000000103","2175501000000117","^ESCTPR827966","","Provision of written information about smoking cessation","Current smoker"
"14866014","8392000","14866014","1371-1","1371.11","Non-smoker","Never smoker"
"3874641000006110","84498003","140113010","^ESCTPI387464","","Pipe smoking tobacco","Current smoker"
"250371017","8517006","15047015","137F","137F.00","Ex-smoker - amount unknown","Ex-smoker"
"298701000000114","8517006","15047015","ZV116","ZV11600","History of tobacco use","Ex-smoker"
"649841000006110","8517006","15047015","137S","137S.00","Ex-smoker","Ex-smoker"
"2636041000006110","8517006","15048013","^ESCTCE263604","","Cessation of smoking","Ex-smoker"
"852111000006118","852111000006102","852111000006118","EMISQGR1","","Gradual smoking reduction","Current smoker"
"852121000006114","852121000006105","852121000006114","EMISQSM17","","Smoking cessation-maintain abstinence","Ex-smoker"
"852981000006111","852981000006107","852981000006111","EGTON1024","","Rolls own cigarettes","Current smoker"
"852991000006114","852991000006105","852991000006114","EGTON1026","","Ex-cigar smoker","Ex-smoker"
"853001000006110","853001000006106","853001000006110","EGTON1028","","Ex-smoker NOS","Ex-smoker"
"854021000006115","854021000006104","854021000006115","EGTON321","","Cigarette smoker","Current smoker"
"854051000006112","854051000006108","854051000006112","EGTON324","","Ex-pipe smoker","Ex-smoker"
"854071000006119","854071000006103","854071000006119","EGTON326","","Current smoker","Current smoker"
"854111000006110","854111000006106","854111000006110","EGTON327","","Past smoker","Ex-smoker"
"854151000006111","854151000006107","854151000006111","EGTON328","","Date stopped smoking","Ex-smoker"
"854951000006113","854951000006109","854951000006113","EGTONGR10","","Grade A non-smoker","Never smoker"
"854961000006110","854961000006106","854961000006110","EGTONGR11","","Grade B light smoker (1-10/day)","Current smoker"
"854981000006117","854981000006101","854981000006117","EGTONGR12","","Grade C moderate smoker (11-20/day)","Current smoker"
"855001000006114","855001000006105","855001000006114","EGTONGR13","","Grade D heavy smoker (>20 Day)","Current smoker"
"856371000006111","856371000006107","856371000006111","EGTONSM6","","Smoking clinic","Current smoker"
"8294711000006117","857841000000101","2219991000000114","^ESCTPR829471","","Provision of written information about tobacco use cessation","Current smoker"
"8294731000006111","857871000000107","2220051000000116","^ESCTPR829473","","Provision of written information about tobacco use","Current smoker"
"8025681000006116","85931000119105","3290081012","^ESCTHI802568","","History of tobacco use in remission less than 12 months","Ex-smoker"
"8299271000006119","864091000000103","2234141000000111","^ESCTNU829927","","Number of previous attempts to stop smoking","Current smoker"
"2251871000000112","871641000000105","2251871000000112","8IEo","8IEo.00","Referral to smoking cessation service declined","Current smoker"
"2251911000000114","871661000000106","2251911000000114","8T08","8T08.00","Referral to smoking cessation service","Current smoker"
"3926051000006118","87739003","145469012","^ESCTTO392605","","Tolerant non-smoker","Never smoker"
"295256013","89765005","148820017","E2510","E251000","Tobacco dependence, unspecified","Current smoker"
"3959111000006111","89765005","148820017","^ESCTTO395911","","Tobacco dependence syndrome","Current smoker"
"3959121000006115","89765005","148821018","^ESCTCO395912","","Compulsive tobacco user syndrome","Current smoker"
"3959131000006117","89765005","148822013","^ESCTTA395913","","Tabagism","Current smoker"
"3959141000006110","89765005","148823015","^ESCTTO395914","","Tobacco abuse","Current smoker"
"102951000006115","89765005","2951656017","E251","E251.00","Tobacco dependence","Current smoker"
"295260011","89765005","2951656017","E251z","E251z00","Tobacco dependence NOS","Current smoker"
"903981000006117","903981000006101","903981000006117","EMISQNO1","","Not interested in stopping smoking","Current smoker"
"904001000006111","904001000006107","904001000006111","EMISQRE12","","Ready to stop smoking","Current smoker"
"904011000006114","904011000006105","904011000006114","EMISQSM9","","Smoking cessation declaration signed by patient","Current smoker"
"904021000006118","904021000006102","904021000006118","EMISQPR6","","Previous smoking quit attempts","Current smoker"
"904031000006115","904031000006104","904031000006115","EMISQTH1","","Thinking about stopping smoking","Current smoker"
"904041000006113","904041000006109","904041000006113","EMISQWA1","","Waking time to first cigarette","Current smoker"
"904091000006116","904091000006100","904091000006116","EMISQDA1","","Date of last cigarette","Ex-smoker"
"904111000006113","904111000006109","904111000006113","EMISQCO2","","Carbon monoxide validation confirms non-smoker","Ex-smoker"
"904121000006117","904121000006101","904121000006117","EMISQCO3","","Carbon monoxide validation confirms smoker","Current smoker"
"904181000006118","904181000006102","904181000006118","EMISQSM12","","Smoking cessation counselling","Current smoker"
"904201000006117","904201000006101","904201000006117","EMISQSM11","","Smoking cessation confidence score","Ex-smoker"
"904221000006110","904221000006106","904221000006110","EMISQSM15","","Smoking cessation bupropion therapy","Ex-smoker"
"904231000006113","904231000006109","904231000006113","EMISQSM13","","Smoking cessation counselling by telephone","Current smoker"
"904241000006115","904241000006104","904241000006115","EMISQSM14","","Smoking cessation counselling in person","Current smoker"
"397991000006116","90755006","150398019","Eu173","Eu17300","[X]Mental and behavioural disorders due to use of tobacco: withdrawal state","Ex-smoker"
"397281000006113","90755006","150398019","Eu174","Eu17400","[X]Mental and behavioural disorders due to use of tobacco: withdrawal state with delirium","Ex-smoker"
"150398019","90755006","150398019","E023","E023.00","Nicotine withdrawal","Ex-smoker"
"909391000006117","909391000006101","909391000006117","HNGZ011","","[RFC] Smoking cessation","Ex-smoker"
"923201000006112","923201000006108","923201000006112","PCNQPR2","","Pregnancy smoking advice","Current smoker"
"923611000006113","923611000006109","923611000006113","PC0076","","Health ed. - smoking","Current smoker"
"2651021000006113","9473008","16588018","^ESCTTO265102","","Tobacco deposit on teeth","Current smoker"
"2651031000006111","9473008","511413011","^ESCTEX265103","","Extrinsic staining of tooth - tobacco","Current smoker"
"16588018","9473008","511413011","J0364","J036400","Tobacco deposit on teeth","Current smoker"
"961581000006114","961581000006105","961581000006114","EMISCSM1","","Smokes/uses tobacco products","Current smoker"
"2462391000000119","966971000000103","2462391000000119","8IEM0","8IEM000","Varenicline smoking cessation therapy declined","Current smoker"
"2462431000000110","966991000000104","2462431000000110","8B31G","8B31G00","Varenicline smoking cessation therapy offered","Current smoker"
